CSF1PO	C,C,T,G,C,A,G;;ATCTATCTATCTATCTATCTATCTATCTATCTATCT	1
CSF1PO	C,C,T,A,C,G,G;;ATCTATCTATCTATCTATCTATCTATCTATCTATCTATCTATCTATCT	1
D10S1248	G,G,T,T,G,G,T,T,A;;GGAAGGAAGGAAGGAAGGAAGGAAGGAAGGAAGGAAGGAAGGAAGGAAGGAAGGAA	1
D10S1248	A,C,A,T,T,A,T,T,A;;GGAAGGAAGGAAGGAAGGAAGGAAGGAAGGAAGGAAGGAAGGAAGGAAGGAA	1
D12S391	T,C,T,A,C,C,A,C,T,C,T,G,G,G;;AGATAGATAGATAGATAGATAGATAGATAGATAGATAGATAGATAGATAGACAGACAGACAGACAGACAGACAGAT	1
D12S391	C,C,C,C,C,C,A,C,T,T,T,T,G,G;;AGATAGATAGATAGATAGATAGATAGATAGATAGATAGATAGATAGACAGACAGACAGACAGACAGACAGAC	1
D13S317	A,G,T,T,G,A,A,G,T,A,A,A;;TATCTATCTATCTATCTATCTATCTATCTATCTATCTATCTATCTATC	1
D13S317	G,A,T,T,G,T,C,G,T,A,A,A;;TATCTATCTATCTATCTATCTATCTATCTATCTATCTATCTATC	1
D16S539	C,C,C,C,C,T,A,A,T,C,T,G,C,C,A,A,G,G,T,G,T,C,G,G;GA;GATAGATAGATAGATAGATAGATAGATAGATAGATAGATAGATAGATA	1
D16S539	T,C,C,C,C,T,A,A,T,C,T,G,C,C,C,A,A,G,T,G,T,C,G,G;GA;GATAGATAGATAGATAGATAGATAGATAGATAGATAGATAGATA	1
D18S51	C,T,A,A,G,T,T,C,A,G,G,C;;AGAAAGAAAGAAAGAAAGAAAGAAAGAAAGAAAGAAAGAAAGAAAGAAAGAAAGAA	2
D19S433	A,T,G,T,T,A,T,A;;CCTTCCTTCCTTCCTTCCTTCCTTCCTTCCTTCCTTCCTTCCTTCCTTCCTACCTTCTTTCCTT	1
D19S433	A,A,T,C,T,C,C,G;;CCTTCCTTCCTTCCTTCCTTCCTTCCTTCCTTCCTTCCTTCCTTCCTTCCTTCCTACCTTCTTTCCTT	1
D1S1656	C,G,G,C,C,A,C,T,G,A,T,A,C,G,G,T,C,G,T,T,A,G,T;;CCTATCTATCTATCTATCTATCTATCTATCTATCTATCTATCTATCTATCTATCTATCTATCTATCTA	1
D1S1656	T,A,T,C,C,A,T,T,G,A,T,A,C,A,G,T,C,A,T,C,A,G,C;;CCTATCTATCTATCTATCTATCTATCTATCTATCTATCTATCTATCCATCTATCTATCTATCTA	1
D21S11	T,C,A,T,G,T,C,G,A,C;;TCTATCTATCTATCTATCTGTCTGTCTGTCTGTCTGTCTGTCTATCTATCTATATCTATCTATCTATCATCTATCTATCCATATCTATCTATCTATCTATCTATCTATCTATCTATCTATCTA	1
D21S11	T,C,A,T,G,T,T,A,G,C;;TCTATCTATCTATCTATCTGTCTGTCTGTCTGTCTGTCTGTCTATCTATCTATATCTATCTATCTATCATCTATCTATCCATATCTATCTATCTATCTATCTATCTATCTATCTATCTATCTA	1
D22S1045	C,G,T,T,A,G,G,C,G;A;ATTATTATTATTATTATTATTATTATTATTATTATTACTATTATT	1
D22S1045	G,G,T,C,A,G,G,C,G;ATGATGGT;ATTATTATTATTATTATTATTATTATTATTATTATTATTACTATTATT	1
D2S1338	C,A,G,A,G,G,C,G,C,T,G,T,G;;GGAAGGAAGGAAGGAAGGAAGGAAGGAAGGAAGGAAGGAAGGAAGGAAGGCAGGCAGGCAGGCAGGCAGGCAGGCA	1
D2S1338	C,A,T,G,G,A,C,G,C,C,G,T,A;;GGAAGGAAGGACGGAAGGAAGGAAGGAAGGAAGGAAGGAAGGAAGGAAGGAAGGAAGGAAGGAAGGCAGGCAGGCAGGCAGGCAGGCAGGCA	1
D2S441	G,G,A,A,G,C,T,A,T,T,C,T,A,T,C,G,G,C,T,C,A,G;TAC,C,C,C,CACATATAT,CATATAT;TCTATCTATCTATCTATCTATCTATCTATCTATCTGTCTA	1
D2S441	G,A,A,A,G,C,T,A,T,C,C,T,G,T,T,G,C,C,G,C,A,A;T,CACATATAT,C,C,CACATATAT,CATATAT;TCTATCTATCTATCTATCTATCTATCTATCTATCTATCTATCTA	1
D3S1358	C,A,A,T,A,A,T,A,A,C,A,A,A,T;T;TCTATCTGTCTATCTATCTATCTATCTATCTATCTATCTATCTATCTATCTATCTATCTATCTA	1
D3S1358	T,G,A,T,A,A,T,A,G,C,A,G,A,T;T;TCTATCTGATCTGTCTATCTATCTATCTATCTATCTATCTATCTATCTATCTATCTATCTA	1
D5S818	A,C,C,G,C,C,G,T;;ATCTATCTATCTATCTATCTATCTATCTATCTATCTATCTATCT	1
D5S818	A,C,C,C,C,C,G,T;;ATCTATCTATCTATCTATCTATCTATCTATCTATCTATCTATCT	1
D7S820	A,T,T,C,T,C,A,A,A,G,T,A;GATGTGAACAATTGTGTTCTA;TATCTATCTATCTATCTATCTATCTATCTATCTATCTATC	1
D7S820	A,A,A,C,T,C,A,A,G,G,T,G;GATGTGAACAATTGTGTTCTA;TATCTATCTATCTATCTATCTATCTATCTATCTATCTATCTATC	1
D8S1179	C,G,C,G,A,A,A,G,A,C,C,C,T,G,G;T;TCTATCTATCTGTCTATCTATCTATCTATCTATCTATCTATCTATCTATCTATCTA	1
D8S1179	T,A,C,G,A,A,A,A,G,C,C,C,A,A,G;T;TCTATCTATCTATCTATCTATCTATCTATCTATCTATCTATCTATCTA	1
FGA	T,C,A,A,C,C;;GGAAGGAAGGAGAAAGAAAGAAAGAAAGAAAGAAAGAAAGAAAGAAAGAAAGAAAGAAAGAAAGAAAGAGAAAAAAGAAAGAAAGAAA	1
FGA	T,C,G,A,C,C;;GGAAGGAAGGAGAAAGAAAGAAAGAAAGAAAGAAAGAAAGAAAGAAAGAAAGAAAGAAAGAAAGAAAGAGAAAAAAGAAAGAAAGAAA	1
TH01	C,C,T,T,G,T,C,G,G,G,C,C;G;AATGAATGAATGAATGAATGAATGAATGAATGAATG	1
TH01	C,C,C,C,G,T,C,A,G,G,A,C;G;AATGAATGAATGAATGAATGAATGATGAATGAATGAATG	1
TPOX	T,G,A,T,G,A,C,T,C,G,A,C,C,C,G,A,A,G;G;AATGAATGAATGAATGAATGAATGAATGAATGAATG	1
TPOX	C,G,A,T,A,C,C,T,C,G,A,C,T,C,G,G,A,G;G;AATGAATGAATGAATGAATGAATGAATGAATGAATGAATGAATG	1
vWA	T,G,A,T,T,C,C,A,C,T,T,T,C,A,T,A,C,G,G,A,C,C,T,G,C,T;AAC;TAGATAGATAGATAGATAGATAGATAGATAGATAGATAGATAGATAGATAGACAGACAGACAGACAGATAGA	1
vWA	T,G,A,T,C,C,C,A,C,T,T,T,C,A,T,A,C,G,G,A,C,C,T,G,C,T;AAC;TAGATAGATAGATAGATAGATAGATAGATAGATAGATAGATAGACAGACAGACAGACAGATAGA	1
