CSF1PO	C,C,T,G,C,A,G;;ATCTATCTATCTATCTATCTATCTATCTATCTATCT
CSF1PO	C,C,T,A,C,G,G;;ATCTATCTATCTATCTATCTATCTATCTATCTATCTATCTATCTATCT
D10S1248	G,G,T,T,G,G,T,T,A;;GGAAGGAAGGAAGGAAGGAAGGAAGGAAGGAAGGAAGGAAGGAAGGAAGGAAGGAA
D10S1248	A,C,A,T,T,A,T,T,A;;GGAAGGAAGGAAGGAAGGAAGGAAGGAAGGAAGGAAGGAAGGAAGGAAGGAA
D12S391	T,C,T,A,C,C,A,C,T,C,T,G,G,G;;AGATAGATAGATAGATAGATAGATAGATAGATAGATAGATAGATAGATAGACAGACAGACAGACAGACAGACAGAT
D12S391	C,C,C,C,C,C,A,C,T,T,T,T,G,G;;AGATAGATAGATAGATAGATAGATAGATAGATAGATAGATAGATAGACAGACAGACAGACAGACAGACAGAC
D13S317	A,G,T,T,G,A,A,G,T,A,A,A;;TATCTATCTATCTATCTATCTATCTATCTATCTATCTATCTATCTATC
D13S317	G,A,T,T,G,T,C,G,T,A,A,A;;TATCTATCTATCTATCTATCTATCTATCTATCTATCTATCTATC
D16S539	C,C,C,C,C,T,A,A,T,C,T,G,C,C,A,A,G,G,T,G,T,C,G,G;GA;GATAGATAGATAGATAGATAGATAGATAGATAGATAGATAGATAGATA
D16S539	T,C,C,C,C,T,A,A,T,C,T,G,C,C,C,A,A,G,T,G,T,C,G,G;GA;GATAGATAGATAGATAGATAGATAGATAGATAGATAGATAGATA
D18S51	C,T,A,A,G,T,T,C,A,G,G,C;;AGAAAGAAAGAAAGAAAGAAAGAAAGAAAGAAAGAAAGAAAGAAAGAAAGAAAGAA
D18S51	C,T,A,A,G,T,T,C,A,G,G,C;;AGAAAGAAAGAAAGAAAGAAAGAAAGAAAGAAAGAAAGAAAGAAAGAAAGAAAGAA
D19S433	A,T,G,T,T,A,T,A;;CCTTCCTTCCTTCCTTCCTTCCTTCCTTCCTTCCTTCCTTCCTTCCTTCCTACCTTCTTTCCTT
D19S433	A,A,T,C,T,C,C,G;;CCTTCCTTCCTTCCTTCCTTCCTTCCTTCCTTCCTTCCTTCCTTCCTTCCTTCCTACCTTCTTTCCTT
D1S1656	C,G,G,C,C,A,C,T,G,A,T,A,C,G,G,T,C,G,T,T,A,G,T;;CCTATCTATCTATCTATCTATCTATCTATCTATCTATCTATCTATCTATCTATCTATCTATCTATCTA
D1S1656	T,A,T,C,C,A,T,T,G,A,T,A,C,A,G,T,C,A,T,C,A,G,C;;CCTATCTATCTATCTATCTATCTATCTATCTATCTATCTATCTATCCATCTATCTATCTATCTA
D21S11	T,C,A,T,G,T,C,G,A,C;;TCTATCTATCTATCTATCTGTCTGTCTGTCTGTCTGTCTGTCTATCTATCTATATCTATCTATCTATCATCTATCTATCCATATCTATCTATCTATCTATCTATCTATCTATCTATCTATCTA
D21S11	T,C,A,T,G,T,T,A,G,C;;TCTATCTATCTATCTATCTGTCTGTCTGTCTGTCTGTCTGTCTATCTATCTATATCTATCTATCTATCATCTATCTATCCATATCTATCTATCTATCTATCTATCTATCTATCTATCTATCTA
D22S1045	C,G,T,T,A,G,G,C,G;A;ATTATTATTATTATTATTATTATTATTATTATTATTACTATTATT
D22S1045	G,G,T,C,A,G,G,C,G;ATGATGGT;ATTATTATTATTATTATTATTATTATTATTATTATTATTACTATTATT
D2S1338	C,A,G,A,G,G,C,G,C,T,G,T,G;;GGAAGGAAGGAAGGAAGGAAGGAAGGAAGGAAGGAAGGAAGGAAGGAAGGCAGGCAGGCAGGCAGGCAGGCAGGCA
D2S1338	C,A,T,G,G,A,C,G,C,C,G,T,A;;GGAAGGAAGGACGGAAGGAAGGAAGGAAGGAAGGAAGGAAGGAAGGAAGGAAGGAAGGAAGGAAGGCAGGCAGGCAGGCAGGCAGGCAGGCA
D2S441	G,G,A,A,G,C,T,A,T,T,C,T,A,T,C,G,G,C,T,C,A,G;TAC,C,C,C,CACATATAT,CATATAT;TCTATCTATCTATCTATCTATCTATCTATCTATCTGTCTA
D2S441	G,A,A,A,G,C,T,A,T,C,C,T,G,T,T,G,C,C,G,C,A,A;T,CACATATAT,C,C,CACATATAT,CATATAT;TCTATCTATCTATCTATCTATCTATCTATCTATCTATCTATCTA
D3S1358	C,A,A,T,A,A,T,A,A,C,A,A,A,T;T;TCTATCTGTCTATCTATCTATCTATCTATCTATCTATCTATCTATCTATCTATCTATCTATCTA
D3S1358	T,G,A,T,A,A,T,A,G,C,A,G,A,T;T;TCTATCTGATCTGTCTATCTATCTATCTATCTATCTATCTATCTATCTATCTATCTATCTA
D5S818	A,C,C,G,C,C,G,T;;ATCTATCTATCTATCTATCTATCTATCTATCTATCTATCTATCT
D5S818	A,C,C,C,C,C,G,T;;ATCTATCTATCTATCTATCTATCTATCTATCTATCTATCTATCT
D7S820	A,T,T,C,T,C,A,A,A,G,T,A;GATGTGAACAATTGTGTTCTA;TATCTATCTATCTATCTATCTATCTATCTATCTATCTATC
D7S820	A,A,A,C,T,C,A,A,G,G,T,G;GATGTGAACAATTGTGTTCTA;TATCTATCTATCTATCTATCTATCTATCTATCTATCTATCTATC
D8S1179	C,G,C,G,A,A,A,G,A,C,C,C,T,G,G;T;TCTATCTATCTGTCTATCTATCTATCTATCTATCTATCTATCTATCTATCTATCTA
D8S1179	T,A,C,G,A,A,A,A,G,C,C,C,A,A,G;T;TCTATCTATCTATCTATCTATCTATCTATCTATCTATCTATCTATCTA
FGA	T,C,A,A,C,C;;GGAAGGAAGGAGAAAGAAAGAAAGAAAGAAAGAAAGAAAGAAAGAAAGAAAGAAAGAAAGAAAGAAAGAGAAAAAAGAAAGAAAGAAA
FGA	T,C,G,A,C,C;;GGAAGGAAGGAGAAAGAAAGAAAGAAAGAAAGAAAGAAAGAAAGAAAGAAAGAAAGAAAGAAAGAAAGAGAAAAAAGAAAGAAAGAAA
TH01	C,C,T,T,G,T,C,G,G,G,C,C;G;AATGAATGAATGAATGAATGAATGAATGAATGAATG
TH01	C,C,C,C,G,T,C,A,G,G,A,C;G;AATGAATGAATGAATGAATGAATGATGAATGAATGAATG
TPOX	T,G,A,T,G,A,C,T,C,G,A,C,C,C,G,A,A,G;G;AATGAATGAATGAATGAATGAATGAATGAATGAATG
TPOX	C,G,A,T,A,C,C,T,C,G,A,C,T,C,G,G,A,G;G;AATGAATGAATGAATGAATGAATGAATGAATGAATGAATGAATG
vWA	T,G,A,T,T,C,C,A,C,T,T,T,C,A,T,A,C,G,G,A,C,C,T,G,C,T;AAC;TAGATAGATAGATAGATAGATAGATAGATAGATAGATAGATAGATAGATAGACAGACAGACAGACAGATAGA
vWA	T,G,A,T,C,C,C,A,C,T,T,T,C,A,T,A,C,G,G,A,C,C,T,G,C,T;AAC;TAGATAGATAGATAGATAGATAGATAGATAGATAGATAGATAGACAGACAGACAGACAGATAGA
